,序号,标题,链接,导演,评分,评价人数,简介
0,1,肖申克的救赎,https://movie.douban.com/subject/1292052/,导演: 弗兰克·德拉邦特 Frank Darabont   主演: 蒂姆·罗宾斯 Tim Robbins /...,9.7,3277846人评价,希望让人自由。
1,2,霸王别姬,https://movie.douban.com/subject/1291546/,导演: 陈凯歌 Kaige Chen   主演: 张国荣 Leslie Cheung / 张丰毅 Fengyi Zha...,9.6,2418100人评价,风华绝代。
2,3,泰坦尼克号,https://movie.douban.com/subject/1292722/,导演: 詹姆斯·卡梅隆 James Cameron   主演: 莱昂纳多·迪卡普里奥 Leonardo...,9.5,2493050人评价,失去的才是永恒的。
3,4,阿甘正传,https://movie.douban.com/subject/1292720/,导演: 罗伯特·泽米吉斯 Robert Zemeckis   主演: 汤姆·汉克斯 Tom Hanks / ...,9.5,2425748人评价,一部美国近现代史。
4,5,千与千寻,https://movie.douban.com/subject/1291561/,导演: 宫崎骏 Hayao Miyazaki   主演: 柊瑠美 Rumi Hîragi / 入野自由 Miy...,9.4,2531610人评价,最好的宫崎骏，最好的久石让。
5,6,美丽人生,https://movie.douban.com/subject/1292063/,导演: 罗伯托·贝尼尼 Roberto Benigni   主演: 罗伯托·贝尼尼 Roberto Beni...,9.5,1479484人评价,最美的谎言。
6,7,星际穿越,https://movie.douban.com/subject/1889243/,导演: 克里斯托弗·诺兰 Christopher Nolan   主演: 马修·麦康纳 Matthew Mc...,9.4,2176950人评价,爱是一种力量，让我们超越时空感知它的存在。
7,8,这个杀手不太冷,https://movie.douban.com/subject/1295644/,导演: 吕克·贝松 Luc Besson   主演: 让·雷诺 Jean Reno / 娜塔莉·波特曼 ...,9.4,2548086人评价,怪蜀黍和小萝莉不得不说的故事。
8,9,盗梦空间,https://movie.douban.com/subject/3541415/,导演: 克里斯托弗·诺兰 Christopher Nolan   主演: 莱昂纳多·迪卡普里奥 Le...,9.4,2320876人评价,诺兰给了我们一场无法盗取的梦。
9,10,楚门的世界,https://movie.douban.com/subject/1292064/,导演: 彼得·威尔 Peter Weir   主演: 金·凯瑞 Jim Carrey / 劳拉·琳妮 Lau...,9.4,2013798人评价,如果再也不能见到你，祝你早安，午安，晚安。
10,11,辛德勒的名单,https://movie.douban.com/subject/1295124/,导演: 史蒂文·斯皮尔伯格 Steven Spielberg   主演: 连姆·尼森 Liam Neeson...,9.5,1244958人评价,拯救一个人，就是拯救整个世界。
11,12,忠犬八公的故事,https://movie.douban.com/subject/3011091/,导演: 莱塞·霍尔斯道姆 Lasse Hallström   主演: 理查·基尔 Richard Ger...,9.4,1540562人评价,永远都不能忘记你所爱的人。
12,13,海上钢琴师,https://movie.douban.com/subject/1292001/,导演: 朱塞佩·托纳多雷 Giuseppe Tornatore   主演: 蒂姆·罗斯 Tim Roth / ...,9.3,1876136人评价,每个人都要走一条自己坚定了的路，就算是粉身碎骨。
13,14,疯狂动物城,https://movie.douban.com/subject/25662329/,导演: 拜伦·霍华德 Byron Howard / 瑞奇·摩尔 Rich Moore   主演: 金妮弗·...,9.3,2314002人评价,迪士尼给我们营造的乌托邦就是这样，永远善良勇敢，永远出乎意料。
14,15,三傻大闹宝莱坞,https://movie.douban.com/subject/3793023/,导演: 拉库马·希拉尼 Rajkumar Hirani   主演: 阿米尔·汗 Aamir Khan / 卡...,9.2,2074650人评价,英俊版憨豆，高情商版谢耳朵。
15,16,机器人总动员,https://movie.douban.com/subject/2131459/,导演: 安德鲁·斯坦顿 Andrew Stanton   主演: 本·贝尔特 Ben Burtt / 艾丽...,9.3,1489254人评价,小瓦力，大人生。
16,17,放牛班的春天,https://movie.douban.com/subject/1291549/,导演: 克里斯托夫·巴拉蒂 Christophe Barratier   主演: 让-巴蒂斯特·莫尼...,9.3,1470983人评价,天籁一般的童声，是最接近上帝的存在。
17,18,无间道,https://movie.douban.com/subject/1307914/,导演: 刘伟强 / 麦兆辉   主演: 刘德华 Andy Lau / 梁朝伟 Tony Leung Chiu W...,9.3,1561370人评价,香港电影史上永不过时的杰作。
18,19,控方证人,https://movie.douban.com/subject/1296141/,导演: 比利·怀尔德 Billy Wilder   主演: 泰隆·鲍华 Tyrone Power / 玛琳·...,9.6,740554人评价,比利·怀德满分作品。
19,20,寻梦环游记,https://movie.douban.com/subject/20495023/,导演: 李·昂克里奇 Lee Unkrich / 阿德里安·莫利纳 Adrian Molina   主演: ...,9.1,1983792人评价,死亡不是真的逝去，遗忘才是永恒的消亡。
20,21,大话西游之大圣娶亲,https://movie.douban.com/subject/1292213/,导演: 刘镇伟 Jeffrey Lau   主演: 周星驰 Stephen Chow / 吴孟达 Man Tat Ng...,9.2,1706686人评价,一生所爱。
21,22,熔炉,https://movie.douban.com/subject/5912992/,导演: 黄东赫 Dong-hyuk Hwang   主演: 孔侑 Yoo Gong / 郑有美 Yu-mi Jung /...,9.3,1034549人评价,我们一路奋战不是为了改变世界，而是为了不让世界改变我们。
22,23,触不可及,https://movie.douban.com/subject/6786002/,导演: 奥利维·那卡什 Olivier Nakache / 艾力克·托兰达 Eric Toledano   主...,9.3,1293016人评价,满满温情的高雅喜剧。
23,24,教父,https://movie.douban.com/subject/1291841/,导演: 弗朗西斯·福特·科波拉 Francis Ford Coppola   主演: 马龙·白兰度 M...,9.3,1104951人评价,千万不要记恨你的对手，这样会让你失去理智。
24,25,末代皇帝,https://movie.douban.com/subject/1293172/,导演: 贝纳尔多·贝托鲁奇 Bernardo Bertolucci   主演: 尊龙 John Lone / 陈...,9.3,1026899人评价,“不要跟我比惨，我比你更惨”再适合这部电影不过了。
25,26,哈利·波特与魔法石,https://movie.douban.com/subject/1295038/,导演: Chris Columbus   主演: Daniel Radcliffe / Emma Watson / Rupert Grint,9.2,1419813人评价,童话世界的开端。
26,27,当幸福来敲门,https://movie.douban.com/subject/1849031/,导演: 加布里尔·穆奇诺 Gabriele Muccino   主演: 威尔·史密斯 Will Smith ...,9.1,1685331人评价,平民励志片。
27,28,龙猫,https://movie.douban.com/subject/1291560/,导演: 宫崎骏 Hayao Miyazaki   主演: 日高法子 Noriko Hidaka / 坂本千夏 Ch...,9.2,1409004人评价,人人心中都有个龙猫，童年就永远不会消失。
28,29,活着,https://movie.douban.com/subject/1292365/,导演: 张艺谋 Yimou Zhang   主演: 葛优 You Ge / 巩俐 Li Gong / 姜武 Wu Jiang,9.3,968570人评价,张艺谋最好的电影。
29,30,怦然心动,https://movie.douban.com/subject/3319755/,导演: 罗伯·莱纳 Rob Reiner   主演: 玛德琳·卡罗尔 Madeline Carroll / 卡...,9.1,2048196人评价,真正的幸福是来自内心深处。
30,31,蝙蝠侠：黑暗骑士,https://movie.douban.com/subject/1851857/,导演: 克里斯托弗·诺兰 Christopher Nolan   主演: 克里斯蒂安·贝尔 Christ...,9.2,1191062人评价,无尽的黑暗。
31,32,指环王3：王者无敌,https://movie.douban.com/subject/1291552/,导演: 彼得·杰克逊 Peter Jackson   主演: 伊利亚·伍德 Elijah Wood / 西恩...,9.3,908752人评价,史诗的终章。
32,33,我不是药神,https://movie.douban.com/subject/26752088/,导演: 文牧野 Muye Wen   主演: 徐峥 Zheng Xu / 王传君 Chuanjun Wang / 周...,9.0,2346995人评价,对我们国家而言，这样的电影多一部是一部。
33,34,乱世佳人,https://movie.douban.com/subject/1300267/,导演: 维克多·弗莱明 Victor Fleming / 乔治·库克 George Cukor   主演: 费...,9.3,793782人评价,Tomorrow is another day.
34,35,飞屋环游记,https://movie.douban.com/subject/2129039/,导演: 彼特·道格特 Pete Docter / 鲍勃·彼德森 Bob Peterson   主演: 爱德...,9.1,1498330人评价,最后那些最无聊的事情，才是最值得怀念的。
35,36,让子弹飞,https://movie.douban.com/subject/3742360/,导演: 姜文 Wen Jiang   主演: 姜文 Wen Jiang / 葛优 You Ge / 周润发 Yun-F...,9.0,1917476人评价,你给我翻译翻译，神马叫做TMD的惊喜。
36,37,哈尔的移动城堡,https://movie.douban.com/subject/1308807/,导演: 宫崎骏 Hayao Miyazaki   主演: 倍赏千惠子 Chieko Baishô / 木村拓...,9.1,1288504人评价,带着心爱的人在天空飞翔。
37,38,十二怒汉,https://movie.douban.com/subject/1293182/,导演: 西德尼·吕美特 Sidney Lumet   主演: 亨利·方达 Henry Fonda / 马丁...,9.4,577913人评价,1957年的理想主义。
38,39,海蒂和爷爷,https://movie.douban.com/subject/25958717/,导演: 阿兰·葛斯彭纳 Alain Gsponer   主演: 阿努克·斯特芬 Anuk Steffen /...,9.3,779433人评价,如果生活中有什么使你感到快乐，那就去做吧！不要管别人说什么。
39,40,素媛,https://movie.douban.com/subject/21937452/,导演: 李濬益 Jun-ik Lee   主演: 薛景求 Kyung-gu Sol / 严志媛 Ji-won Uhm ...,9.3,775046人评价,受过伤害的人总是笑得最开心，因为他们不愿意让身边的人承受一样的痛苦。
40,41,猫鼠游戏,https://movie.douban.com/subject/1305487/,导演: 史蒂文·斯皮尔伯格 Steven Spielberg   主演: 莱昂纳多·迪卡普里奥 L...,9.1,1208770人评价,骗子大师和执著警探的你追我跑故事。
41,42,天空之城,https://movie.douban.com/subject/1291583/,导演: 宫崎骏 Hayao Miyazaki   主演: 田中真弓 Mayumi Tanaka / 横泽启子 Ke...,9.2,1007680人评价,对天空的追逐，永不停止。
42,43,鬼子来了,https://movie.douban.com/subject/1291858/,导演: 姜文 Wen Jiang   主演: 姜文 Wen Jiang / 香川照之 Teruyuki Kagawa /...,9.3,714078人评价,对敌人的仁慈，就是对自己残忍。
43,44,摔跤吧！爸爸,https://movie.douban.com/subject/26387939/,导演: 涅提·蒂瓦里 Nitesh Tiwari   主演: 阿米尔·汗 Aamir Khan / 法缇玛...,9.0,1743105人评价,你不是在为你一个人战斗，你要让千千万万的女性看到女生并不是只能相夫教子。
44,45,少年派的奇幻漂流,https://movie.douban.com/subject/1929463/,导演: 李安 Ang Lee   主演: 苏拉·沙玛 Suraj Sharma / 伊尔凡·可汗 Irrfan...,9.1,1488079人评价,瑰丽壮观、无人能及的冒险之旅。
45,46,钢琴家,https://movie.douban.com/subject/1296736/,导演: 罗曼·波兰斯基 Roman Polanski   主演: 艾德里安·布洛迪 Adrien Brod...,9.3,749285人评价,
46,47,指环王2：双塔奇兵,https://movie.douban.com/subject/1291572/,导演: 彼得·杰克逊 Peter Jackson   主演: 伊利亚·伍德 Elijah Wood / 西恩...,9.2,855779人评价,承前启后的史诗篇章。
47,48,死亡诗社,https://movie.douban.com/subject/1291548/,导演: 彼得·威尔 Peter Weir   主演: 罗宾·威廉姆斯 Robin Williams / 罗伯...,9.2,880407人评价,当一个死水般的体制内出现一个活跃的变数时，所有的腐臭都站在了光明的对面。
48,49,大话西游之月光宝盒,https://movie.douban.com/subject/1299398/,导演: 刘镇伟 Jeffrey Lau   主演: 周星驰 Stephen Chow / 吴孟达 Man Tat Ng...,9.0,1364009人评价,
49,50,绿皮书,https://movie.douban.com/subject/27060077/,导演: 彼得·法雷里 Peter Farrelly   主演: 维果·莫腾森 Viggo Mortensen /...,8.9,1889952人评价,去除成见，需要勇气。
50,51,何以为家,https://movie.douban.com/subject/30170448/,导演: 娜丁·拉巴基 Nadine Labaki   主演: 扎因·拉费阿 Zain al-Rafeea / ...,9.1,1161434人评价,凝视卑弱生命，用电影改变命运。
51,52,闻香识女人,https://movie.douban.com/subject/1298624/,导演: 马丁·布莱斯 Martin Brest   主演: 阿尔·帕西诺 Al Pacino / 克里斯...,9.1,1021898人评价,
52,53,大闹天宫,https://movie.douban.com/subject/1418019/,导演: 万籁鸣 Laiming Wan   主演: 邱岳峰 Yuefeng Qiu / 富润生 Runsheng Fu...,9.4,509051人评价,
53,54,黑客帝国,https://movie.douban.com/subject/1291843/,导演: 安迪·沃卓斯基 Andy Wachowski / 拉娜·沃卓斯基 Lana Wachowski   主...,9.1,949143人评价,
54,55,指环王1：护戒使者,https://movie.douban.com/subject/1291571/,导演: 彼得·杰克逊 Peter Jackson   主演: 伊利亚·伍德 Elijah Wood / 西恩...,9.1,958681人评价,
55,56,罗马假日,https://movie.douban.com/subject/1293839/,导演: 威廉·惠勒 William Wyler   主演: 奥黛丽·赫本 Audrey Hepburn / 格...,9.1,1047453人评价,
56,57,教父2,https://movie.douban.com/subject/1299131/,导演: 弗朗西斯·福特·科波拉 Francis Ford Coppola   主演: 阿尔·帕西诺 A...,9.3,639090人评价,
57,58,狮子王,https://movie.douban.com/subject/1301753/,导演: Roger Allers / 罗伯·明可夫 Rob Minkoff   主演: 乔纳森·泰勒·托马...,9.1,959758人评价,
58,59,天堂电影院,https://movie.douban.com/subject/1291828/,导演: 朱塞佩·托纳多雷 Giuseppe Tornatore   主演: 菲利普·努瓦雷 Philipp...,9.2,740659人评价,
59,60,饮食男女,https://movie.douban.com/subject/1291818/,导演: 李安 Ang Lee   主演: 郎雄 Sihung Lung / 杨贵媚 Kuei-Mei Yang / 吴...,9.2,724416人评价,
60,61,辩护人,https://movie.douban.com/subject/21937445/,导演: 杨宇硕 Woo-seok Yang   主演: 宋康昊 Kang-ho Song / 金英爱 Yeong-ae...,9.2,657548人评价,电影的现实意义大过电影本身。
61,62,本杰明·巴顿奇事,https://movie.douban.com/subject/1485260/,导演: 大卫·芬奇 David Fincher   主演: 布拉德·皮特 Brad Pitt / 凯特·布...,9.0,1104142人评价,在时间之河里感受溺水之苦。
62,63,搏击俱乐部,https://movie.douban.com/subject/1292000/,导演: 大卫·芬奇 David Fincher   主演: 爱德华·诺顿 Edward Norton / 布拉...,9.0,973884人评价,
63,64,美丽心灵,https://movie.douban.com/subject/1306029/,导演: 朗·霍华德 Ron Howard   主演: 罗素·克劳 Russell Crowe / 艾德·哈...,9.1,852913人评价,
64,65,穿条纹睡衣的男孩,https://movie.douban.com/subject/3008247/,导演: 马克·赫尔曼 Mark Herman   主演: 阿萨·巴特菲尔德 Asa Butterfield ...,9.2,641332人评价,尽管有些不切实际的幻想，这部电影依旧是一部感人肺腑的佳作。
65,66,哈利·波特与死亡圣器(下),https://movie.douban.com/subject/3011235/,导演: 大卫·叶茨 David Yates   主演: 丹尼尔·雷德克里夫 Daniel Radcliffe...,9.0,969998人评价,10年的完美句点。
66,67,情书,https://movie.douban.com/subject/1292220/,导演: 岩井俊二 Shunji Iwai   主演: 中山美穗 Miho Nakayama / 丰川悦司 Ets...,8.9,1324587人评价,
67,68,两杆大烟枪,https://movie.douban.com/subject/1293350/,导演: 盖·里奇 Guy Ritchie   主演: 杰森·弗莱明 Jason Flemyng / 德克斯特...,9.1,677378人评价,
68,69,窃听风暴,https://movie.douban.com/subject/1900841/,导演: 弗洛里安·亨克尔·冯·多纳斯马尔克 Florian Henckel von Donnersmarck  &n...,9.2,631537人评价,别样人生。
69,70,音乐之声,https://movie.douban.com/subject/1294408/,导演: 罗伯特·怀斯 Robert Wise   主演: 朱莉·安德鲁斯 Julie Andrews / 克...,9.1,683767人评价,
70,71,功夫,https://movie.douban.com/subject/1291543/,导演: 周星驰 Stephen Chow   主演: 周星驰 Stephen Chow / 元秋 Qiu Yuen / ...,8.9,1334917人评价,警恶惩奸，维护世界和平这个任务就交给你了，好吗？
71,72,哈利·波特与阿兹卡班的囚徒,https://movie.douban.com/subject/1291544/,导演: 阿方索·卡隆 Alfonso Cuarón   主演: 丹尼尔·雷德克里夫 Daniel Rad...,9.0,890411人评价,不一样的导演，不一样的哈利·波特。
72,73,西西里的美丽传说,https://movie.douban.com/subject/1292402/,导演: 朱塞佩·托纳多雷 Giuseppe Tornatore   主演: 莫妮卡·贝鲁奇 Monica ...,8.9,1092758人评价,
73,74,阿凡达,https://movie.douban.com/subject/1652587/,导演: 詹姆斯·卡梅隆 James Cameron   主演: 萨姆·沃辛顿 Sam Worthington ...,8.8,1585396人评价,绝对意义上的美轮美奂。
74,75,看不见的客人,https://movie.douban.com/subject/26580232/,导演: 奥里奥尔·保罗 Oriol Paulo   主演: 马里奥·卡萨斯 Mario Casas / 阿...,8.8,1439984人评价,你以为你以为的就是你以为的。
75,76,拯救大兵瑞恩,https://movie.douban.com/subject/1292849/,导演: 史蒂文·斯皮尔伯格 Steven Spielberg   主演: 汤姆·汉克斯 Tom Hanks...,9.1,724584人评价,
76,77,沉默的羔羊,https://movie.douban.com/subject/1293544/,导演: 乔纳森·戴米 Jonathan Demme   主演: 朱迪·福斯特 Jodie Foster / 安...,8.9,1015711人评价,
77,78,小鞋子,https://movie.douban.com/subject/1303021/,导演: 马基德·马基迪 Majid Majidi   主演: 默罕默德·阿米尔·纳吉 Mohamma...,9.2,465797人评价,
78,79,布达佩斯大饭店,https://movie.douban.com/subject/11525673/,导演: 韦斯·安德森 Wes Anderson   主演: 拉尔夫·费因斯 Ralph Fiennes / ...,8.9,1085069人评价,小清新的故事里注入了大历史的情怀。
79,80,蝴蝶效应,https://movie.douban.com/subject/1292343/,导演: 埃里克·布雷斯 Eric Bress / J·麦基·格鲁伯 J. Mackye Gruber   主...,8.9,1067670人评价,人的命运被自己瞬间的抉择改变。
80,81,飞越疯人院,https://movie.douban.com/subject/1292224/,导演: 米洛斯·福尔曼 Miloš Forman   主演: 杰克·尼科尔森 Jack Nichols...,9.1,603489人评价,
81,82,还有明天,https://movie.douban.com/subject/36445098/,导演: 宝拉·柯特莱西 Paola Cortellesi   主演: 宝拉·柯特莱西 Paola Corte...,9.3,370629人评价,
82,83,禁闭岛,https://movie.douban.com/subject/2334904/,导演: Martin Scorsese   主演: 莱昂纳多·迪卡普里奥 Leonardo DiCaprio / ...,8.9,1112896人评价,昔日翩翩少年，今日大腹便便。
83,84,心灵捕手,https://movie.douban.com/subject/1292656/,导演: 格斯·范·桑特 Gus Van Sant   主演: 马特·达蒙 Matt Damon / 罗宾·...,9.0,815129人评价,
84,85,致命魔术,https://movie.douban.com/subject/1780330/,导演: 克里斯托弗·诺兰 Christopher Nolan   主演: 休·杰克曼 Hugh Jackman...,8.9,964110人评价,孪生蝙蝠侠大战克隆金刚狼。
85,86,低俗小说,https://movie.douban.com/subject/1291832/,导演: 昆汀·塔伦蒂诺 Quentin Tarantino   主演: 约翰·特拉沃尔塔 John Tra...,8.9,959402人评价,
86,87,超脱,https://movie.douban.com/subject/5322596/,导演: 托尼·凯耶 Tony Kaye   主演: 艾德里安·布洛迪 Adrien Brody / 马西...,9.0,723233人评价,穷尽一生，我们要学会的，不过是彼此拥抱。
87,88,哈利·波特与密室,https://movie.douban.com/subject/1296996/,导演: Chris Columbus   主演: 丹尼尔·雷德克里夫 Daniel Radcliffe / 艾玛...,8.9,916819人评价,
88,89,一一,https://movie.douban.com/subject/1292434/,导演: 杨德昌 Edward Yang   主演: 吴念真 / 李凯莉 Kelly Lee / 金燕玲 Elai...,9.1,510119人评价,
89,90,喜剧之王,https://movie.douban.com/subject/1302425/,导演: 周星驰 Stephen Chow / 李力持 Lik-Chi Lee   主演: 周星驰 Stephen Ch...,8.8,1095328人评价,
90,91,杀人回忆,https://movie.douban.com/subject/1300299/,导演: 奉俊昊 Joon-ho Bong   主演: 宋康昊 Kang-ho Song / 金相庆 Sang-kyun...,8.9,837513人评价,
91,92,致命ID,https://movie.douban.com/subject/1297192/,导演: 詹姆斯·曼高德 James Mangold   主演: 约翰·库萨克 John Cusack / 雷...,8.9,949373人评价,
92,93,摩登时代,https://movie.douban.com/subject/1294371/,导演: 查理·卓别林 Charles Chaplin   主演: 查理·卓别林 Charles Chaplin ...,9.3,347068人评价,
93,94,春光乍泄,https://movie.douban.com/subject/1292679/,导演: 王家卫 Kar Wai Wong   主演: 张国荣 Leslie Cheung / 梁朝伟 Tony Leu...,9.0,709679人评价,
94,95,加勒比海盗,https://movie.douban.com/subject/1298070/,导演: 戈尔·维宾斯基 Gore Verbinski   主演: 约翰尼·德普 Johnny Depp / ...,8.8,969026人评价,
95,96,海豚湾,https://movie.douban.com/subject/3442220/,导演: 路易·西霍尤斯 Louie Psihoyos   主演: 路易·西霍尤斯 Louie Psihoyo...,9.3,382531人评价,海豚的微笑，是世界上最高明的伪装。
96,97,美国往事,https://movie.douban.com/subject/1292262/,导演: 赛尔乔·莱翁内 Sergio Leone   主演: 罗伯特·德尼罗 Robert De Niro ...,9.1,472032人评价,
97,98,红辣椒,https://movie.douban.com/subject/1865703/,导演: 今敏 Satoshi Kon   主演: 林原惠美 Megumi Hayashibara / 江守彻 Toru...,9.0,570521人评价,梦的勾结。
98,99,七宗罪,https://movie.douban.com/subject/1292223/,导演: 大卫·芬奇 David Fincher   主演: 摩根·弗里曼 Morgan Freeman / 布...,8.8,1062119人评价,
99,100,唐伯虎点秋香,https://movie.douban.com/subject/1306249/,导演: 李力持 Lik-Chi Lee   主演: 周星驰 Stephen Chow / 巩俐 Li Gong / 陈...,8.8,1225130人评价,
100,101,狩猎,https://movie.douban.com/subject/6985810/,导演: 托马斯·温特伯格 Thomas Vinterberg   主演: 麦斯·米科尔森 Mads Mik...,9.1,470947人评价,人言可畏。
101,102,幽灵公主,https://movie.douban.com/subject/1297359/,导演: 宫崎骏 Hayao Miyazaki   主演: 松田洋治 Yôji Matsuda / 石田百合...,8.9,670215人评价,
102,103,甜蜜蜜,https://movie.douban.com/subject/1305164/,导演: 陈可辛 Peter Chan   主演: 黎明 Leon Lai / 张曼玉 Maggie Cheung / ...,8.9,673908人评价,
103,104,寄生虫,https://movie.douban.com/subject/27010768/,导演: 奉俊昊 Joon-ho Bong   主演: 宋康昊 Kang-ho Song / 李善均 Seon-gyun...,8.8,1549387人评价,
104,105,天书奇谭,https://movie.douban.com/subject/1428581/,导演: 王树忱 Shuchen Wang / 钱运达 Yunda Qian   主演: 丁建华 Jianhua Din...,9.2,335513人评价,
105,106,蝙蝠侠：黑暗骑士崛起,https://movie.douban.com/subject/3395373/,导演: 克里斯托弗·诺兰 Christopher Nolan   主演: 克里斯蒂安·贝尔 Christ...,8.9,814926人评价,诺兰就是保证。
106,107,超能陆战队,https://movie.douban.com/subject/11026735/,导演: 唐·霍尔 Don Hall / 克里斯·威廉姆斯 Chris Williams   主演: 斯科特...,8.8,1146439人评价,Balalala~~~
107,108,7号房的礼物,https://movie.douban.com/subject/10777687/,导演: 李焕庆 Hwan-kyeong Lee   主演: 柳承龙 Seung-yong Ryoo / 朴信惠 Shi...,8.9,622678人评价,《我是山姆》的《美丽人生》。
108,109,第六感,https://movie.douban.com/subject/1297630/,导演: M·奈特·沙马兰 M. Night Shyamalan   主演: 布鲁斯·威利斯 Bruce Wi...,8.9,638874人评价,
109,110,茶馆,https://movie.douban.com/subject/1461403/,导演: 谢添 Tian Xie   主演: 于是之 Shizhi Yu / 郑榕 Rong Zhen / 蓝天野 T...,9.5,209351人评价,
110,111,爱在黎明破晓前,https://movie.douban.com/subject/1296339/,导演: 理查德·林克莱特 Richard Linklater   主演: 伊桑·霍克 Ethan Hawke ...,8.8,802162人评价,
111,112,爱在日落黄昏时,https://movie.douban.com/subject/1291990/,导演: 理查德·林克莱特 Richard Linklater   主演: 伊桑·霍克 Ethan Hawke ...,8.9,654838人评价,九年后的重逢是世俗和责任的交叠，没了悸动和青涩，沧桑而温暖。
112,113,被嫌弃的松子的一生,https://movie.douban.com/subject/1787291/,导演: 中岛哲也 Tetsuya Nakashima   主演: 中谷美纪 Miki Nakatani / 瑛太 E...,8.8,775919人评价,以戏谑来戏谑戏谑。
113,114,头脑特工队,https://movie.douban.com/subject/10533913/,导演: 彼特·道格特 Pete Docter / 罗纳尔多·德尔·卡门 Ronaldo Del Carmen  &nb...,8.8,807645人评价,愿我们都不用长大，每一座城堡都能永远存在。
114,115,哈利·波特与火焰杯,https://movie.douban.com/subject/1309055/,导演: 迈克·内威尔 Mike Newell   主演: 丹尼尔·雷德克里夫 Daniel Radclif...,8.8,803043人评价,
115,116,未麻的部屋,https://movie.douban.com/subject/1395091/,导演: 今敏 Satoshi Kon   主演: 岩男润子 Junko Iwao / 松本梨香 Rica Matsu...,9.1,426305人评价,
116,117,重庆森林,https://movie.douban.com/subject/1291999/,导演: 王家卫 Kar Wai Wong   主演: 林青霞 Brigitte Lin / 金城武 Takeshi K...,8.8,923965人评价,
117,118,借东西的小人阿莉埃蒂,https://movie.douban.com/subject/4202302/,导演: 米林宏昌 Hiromasa Yonebayashi   主演: 志田未来 Mirai Shida / 神木...,8.9,628729人评价,曾经的那段美好会沉淀为一辈子的记忆。
118,119,菊次郎的夏天,https://movie.douban.com/subject/1293359/,导演: 北野武 Takeshi Kitano   主演: 北野武 Takeshi Kitano / 关口雄介 Yus...,8.9,674473人评价,
119,120,入殓师,https://movie.douban.com/subject/2149806/,导演: 泷田洋二郎 Yôjirô Takita   主演: 本木雅弘 Masahiro Motoki / ...,8.9,743734人评价,死可能是一道门，逝去并不是终结，而是超越，走向下一程。
120,121,断背山,https://movie.douban.com/subject/1418834/,导演: 李安 Ang Lee   主演: 希斯·莱杰 Heath Ledger / 杰克·吉伦哈尔 Jake...,8.8,783923人评价,每个人心中都有一座断背山。
121,122,剪刀手爱德华,https://movie.douban.com/subject/1292370/,导演: 蒂姆·波顿 Tim Burton   主演: 约翰尼·德普 Johnny Depp / 薇诺娜·...,8.7,1121631人评价,
122,123,勇敢的心,https://movie.douban.com/subject/1294639/,导演: 梅尔·吉布森 Mel Gibson   主演: 梅尔·吉布森 Mel Gibson / 苏菲·玛...,8.9,606296人评价,
123,124,时空恋旅人,https://movie.douban.com/subject/10577869/,导演: 理查德·柯蒂斯 Richard Curtis   主演: 多姆纳尔·格里森 Domhnall Gl...,8.8,794769人评价,把每天当作最后一天般珍惜度过，积极拥抱生活，就是幸福。
124,125,驯龙高手,https://movie.douban.com/subject/2353023/,导演: 迪恩·德布洛斯 Dean DeBlois / 克里斯·桑德斯 Chris Sanders   主演:...,8.8,867184人评价,和谐的生活离不开摸头与被摸头。
125,126,消失的爱人,https://movie.douban.com/subject/21318488/,导演: 大卫·芬奇 David Fincher   主演: 本·阿弗莱克 Ben Affleck / 罗莎蒙...,8.7,1075162人评价,年度最佳date movie。
126,127,无人知晓,https://movie.douban.com/subject/1292337/,导演: 是枝裕和 Hirokazu Koreeda   主演: 柳乐优弥 Yûya Yagira / 北浦爱...,9.1,373258人评价,我的平常生活就是他人的幸福。
127,128,倩女幽魂,https://movie.douban.com/subject/1297447/,导演: 程小东 Siu-Tung Ching   主演: 张国荣 Leslie Cheung / 王祖贤 Joey W...,8.8,836998人评价,
128,129,傲慢与偏见,https://movie.douban.com/subject/1418200/,导演: 乔·怀特 Joe Wright   主演: 凯拉·奈特莉 Keira Knightley / 马修·...,8.7,937723人评价,爱是摈弃傲慢与偏见之后的曙光。
129,130,新世界,https://movie.douban.com/subject/10437779/,导演: 朴勋政 Hoon-jung Park   主演: 李政宰 Jung-Jae Lee / 崔岷植 Min-sik...,8.9,529057人评价,要做就做得狠一点，这样才能活下去。
130,131,花样年华,https://movie.douban.com/subject/1291557/,导演: 王家卫 Kar Wai Wong   主演: 张曼玉 Maggie Cheung / 梁朝伟 Tony Leu...,8.8,806917人评价,
131,132,玩具总动员3,https://movie.douban.com/subject/1858711/,导演: 李·昂克里奇 Lee Unkrich   主演: 汤姆·汉克斯 Tom Hanks / 蒂姆·艾...,8.9,594028人评价,跨度十五年的欢乐与泪水。
132,133,一个叫欧维的男人决定去死,https://movie.douban.com/subject/26628357/,导演: 汉内斯·赫尔姆 Hannes Holm   主演: 罗夫·拉斯加德 Rolf Lassgård...,8.9,570586人评价,惠及一生的美丽。
133,134,完美的世界,https://movie.douban.com/subject/1300992/,导演: 克林特·伊斯特伍德 Clint Eastwood   主演: 凯文·科斯特纳 Kevin Cos...,9.1,360853人评价,
134,135,色，戒,https://movie.douban.com/subject/1828115/,导演: 李安 Ang Lee   主演: 梁朝伟 Tony Leung Chiu Wai / 汤唯 Wei Tang / ...,8.7,963245人评价,假戏真情，爱欲深海
135,136,阳光灿烂的日子,https://movie.douban.com/subject/1291875/,导演: 姜文 Wen Jiang   主演: 夏雨 Yu Xia / 宁静 Jing Ning / 陶虹 Hong Tao,8.8,696865人评价,
136,137,怪兽电力公司,https://movie.douban.com/subject/1291579/,导演: 彼特·道格特 Pete Docter / 大卫·斯沃曼 David Silverman   主演: 约...,8.8,771935人评价,
137,138,小森林 夏秋篇,https://movie.douban.com/subject/25814705/,导演: 森淳一 Junichi Mori   主演: 桥本爱 Ai Hashimoto / 三浦贵大 Takahir...,9.0,474388人评价,那些静得只能听见呼吸的日子里，你明白孤独即生活。
138,139,教父3,https://movie.douban.com/subject/1294240/,导演: 弗朗西斯·福特·科波拉 Francis Ford Coppola   主演: 阿尔·帕西诺 A...,9.0,433470人评价,
139,140,天使爱美丽,https://movie.douban.com/subject/1292215/,导演: 让-皮埃尔·热内 Jean-Pierre Jeunet   主演: 奥黛丽·塔图 Audrey Tau...,8.7,1022196人评价,
140,141,侧耳倾听,https://movie.douban.com/subject/1297052/,导演: 近藤喜文 Yoshifumi Kondo   主演: 本名阳子 Youko Honna / 小林桂树 K...,8.9,521520人评价,
141,142,哪吒闹海,https://movie.douban.com/subject/1307315/,导演: 王树忱 Shuchen Wang / 严定宪 Dingxian Yan   主演: 梁正晖 Zhenghui ...,9.2,309030人评价,
142,143,九品芝麻官,https://movie.douban.com/subject/1297518/,导演: 王晶 Jing Wong   主演: 周星驰 Stephen Chow / 吴孟达 Man Tat Ng / ...,8.8,795989人评价,
143,144,被解救的姜戈,https://movie.douban.com/subject/6307447/,导演: 昆汀·塔伦蒂诺 Quentin Tarantino   主演: 杰米·福克斯 Jamie Foxx /...,8.8,694147人评价,热血沸腾，那个低俗、性感的无耻混蛋又来了。
144,145,请以你的名字呼唤我,https://movie.douban.com/subject/26799731/,导演: 卢卡·瓜达尼诺 Luca Guadagnino   主演: 艾米·汉莫 Armie Hammer / ...,8.8,826467人评价,沉醉在电影的情感和视听氛围中无法自拔。
145,146,幸福终点站,https://movie.douban.com/subject/1292274/,导演: 史蒂文·斯皮尔伯格 Steven Spielberg   主演: 汤姆·汉克斯 Tom Hanks...,8.8,643626人评价,有时候幸福需要等一等。
146,147,釜山行,https://movie.douban.com/subject/25986180/,导演: 延尚昊 Sang-ho Yeon   主演: 孔刘 Yoo Gong / 郑有美 Yu-mi Jung / 马...,8.6,1352685人评价,揭露人性的丧尸题材力作。
147,148,神偷奶爸,https://movie.douban.com/subject/3287562/,导演: 皮艾尔·柯芬 Pierre Coffin / 克里斯·雷纳德 Chris Renaud   主演: ...,8.7,1048734人评价,Mr. I Don't Care其实也有Care的时候。
148,149,小森林 冬春篇,https://movie.douban.com/subject/25814707/,导演: 森淳一 Junichi Mori   主演: 桥本爱 Ai Hashimoto / 三浦贵大 Takahir...,9.0,421546人评价,尊敬他人，尊敬你生活的这片土地，明白孤独是人生的常态。
149,150,喜宴,https://movie.douban.com/subject/1303037/,导演: 李安 Ang Lee   主演: 赵文瑄 Winston Chao / 归亚蕾 Ya-lei Kuei / 郎...,9.0,433001人评价,
150,151,萤火之森,https://movie.douban.com/subject/5989818/,导演: 大森贵弘 Takahiro Omori   主演: 佐仓绫音 Ayane Sakura / 内山昂辉 K...,8.8,612609人评价,触不到的恋人。
151,152,告白,https://movie.douban.com/subject/4268598/,导演: 中岛哲也 Tetsuya Nakashima   主演: 松隆子 Takako Matsu / 冈田将生 ...,8.8,745341人评价,没有一人完全善，也没有一人完全恶。
152,153,玛丽和麦克斯,https://movie.douban.com/subject/3072124/,导演: 亚当·艾略特 Adam Elliot   主演: 托妮·科莱特 Toni Collette / 菲利...,9.0,471760人评价,你是我最好的朋友，你是我唯一的朋友 。
153,154,七武士,https://movie.douban.com/subject/1295399/,导演: 黑泽明 Akira Kurosawa   主演: 三船敏郎 Toshirô Mifune / 志村乔 ...,9.3,236433人评价,
154,155,头号玩家,https://movie.douban.com/subject/4920389/,导演: 史蒂文·斯皮尔伯格 Steven Spielberg   主演: 泰伊·谢里丹 Tye Sheri...,8.6,1519856人评价,写给影迷，动漫迷和游戏迷的一封情书。
155,156,模仿游戏,https://movie.douban.com/subject/10463953/,导演: 莫滕·泰杜姆 Morten Tyldum   主演: 本尼迪克特·康伯巴奇 Benedict C...,8.8,721522人评价,他给机器起名“克里斯托弗”，因为这是他初恋的名字。
156,157,惊魂记,https://movie.douban.com/subject/1293181/,导演: 阿尔弗雷德·希区柯克 Alfred Hitchcock   主演: 安东尼·博金斯 Antho...,9.0,357583人评价,
157,158,大鱼,https://movie.douban.com/subject/1291545/,导演: 蒂姆·波顿 Tim Burton   主演: 伊万·麦克格雷格 Ewan McGregor / 阿...,8.8,628234人评价,
158,159,心灵奇旅,https://movie.douban.com/subject/24733428/,导演: 彼特·道格特 Pete Docter / 凯普·鲍尔斯 Kemp Powers   主演: 杰米·...,8.7,1145948人评价,
159,160,机器人之梦,https://movie.douban.com/subject/35426925/,导演: 巴勃罗·贝格尔 Pablo Berger   主演: 伊万·拉班达 Ivan Labanda,9.1,440959人评价,
160,161,背靠背，脸对脸,https://movie.douban.com/subject/1307856/,导演: 黄建新 Jianxin Huang / 杨亚洲 Yazhou Yang   主演: 牛振华 Zhenhua N...,9.5,180749人评价,
161,162,射雕英雄传之东成西就,https://movie.douban.com/subject/1316510/,导演: 刘镇伟 Jeffrey Lau   主演: 梁朝伟 Tony Leung Chiu Wai / 林青霞 Bri...,8.7,719384人评价,
162,163,血战钢锯岭,https://movie.douban.com/subject/26325320/,导演: 梅尔·吉布森 Mel Gibson   主演: 安德鲁·加菲尔德 Andrew Garfield /...,8.7,861332人评价,优秀的战争片不会美化战场，不会粉饰死亡，不会矮化敌人，不会无视常识，最重要的，不会宣扬战争。
163,164,你的名字。,https://movie.douban.com/subject/26683290/,导演: 新海诚 Makoto Shinkai   主演: 神木隆之介 Ryûnosuke Kamiki / 上...,8.5,1596539人评价,穿越错位的时空，仰望陨落的星辰，你没留下你的名字，我却无法忘记那句“我爱你”。
164,165,我是山姆,https://movie.douban.com/subject/1306861/,导演: 杰茜·尼尔森 Jessie Nelson   主演: Sean Penn / Dakota Fanning / Mi...,9.0,377637人评价,
165,166,阳光姐妹淘,https://movie.douban.com/subject/4917726/,导演: 姜炯哲 Hyeong-Cheol Kang   主演: 沈恩京 Eun-kyung Shim / 闵孝琳 Hy...,8.8,639844人评价,再多各自牛逼的时光，也比不上一起傻逼的岁月。
166,167,恐怖直播,https://movie.douban.com/subject/21360417/,导演: 金秉祐 Byeong-woo Kim   主演: 河正宇 Jung-woo Ha / 李璟荣 Kyeong-y...,8.7,729991人评价,恐怖分子的“秋菊打官司”。
167,168,黑客帝国3：矩阵革命,https://movie.douban.com/subject/1302467/,导演: 拉娜·沃卓斯基 Lana Wachowski / 莉莉·沃卓斯基 Lilly Wachowski   ...,8.8,498553人评价,
168,169,末路狂花,https://movie.douban.com/subject/1291992/,导演: 雷德利·斯科特 Ridley Scott   主演: 吉娜·戴维斯 Geena Davis / 苏...,9.0,350184人评价,
169,170,小丑,https://movie.douban.com/subject/27119724/,导演: 托德·菲利普斯 Todd Phillips   主演: 杰昆·菲尼克斯 Joaquin Phoeni...,8.7,1127422人评价,
170,171,三块广告牌,https://movie.douban.com/subject/26611804/,导演: 马丁·麦克唐纳 Martin McDonagh   主演: 弗兰西斯·麦克多蒙德 France...,8.7,922276人评价,怼天怼地，你走后，她与世界为敌。
171,172,谍影重重3,https://movie.douban.com/subject/1578507/,导演: 保罗·格林格拉斯 Paul Greengrass   主演: 马特·达蒙 Matt Damon / ...,8.9,472267人评价,像吃了苏打饼一样干脆的电影。
172,173,高山下的花环,https://movie.douban.com/subject/1422283/,导演: 谢晋 Jin Xie   主演: 吕晓禾 Xiaohe Lü / 唐国强 Guoqiang Tang / 何...,9.5,160123人评价,
173,174,电锯惊魂,https://movie.douban.com/subject/1417598/,导演: 詹姆斯·温 James Wan   主演: 雷·沃纳尔 Leigh Whannell / 加利·艾...,8.7,614841人评价,真相就在眼前。
174,175,无间道2,https://movie.douban.com/subject/1307106/,导演: 刘伟强 Andrew Lau / 麦兆辉 Alan Mak   主演: 陈冠希 Edison Chen / ...,8.8,569008人评价,
175,176,达拉斯买家俱乐部,https://movie.douban.com/subject/1793929/,导演: 让-马克·瓦雷 Jean-Marc Vallée   主演: 马修·麦康纳 Matthew McCon...,8.8,507642人评价,Jared Leto的腿比女人还美！
176,177,疯狂原始人,https://movie.douban.com/subject/1907966/,导演: 科克·德·米科 Kirk De Micco / 克里斯·桑德斯 Chris Sanders   主演...,8.7,923379人评价,老少皆宜，这就是好莱坞动画的魅力。
177,178,绿里奇迹,https://movie.douban.com/subject/1300374/,导演: 弗兰克·德拉邦特 Frank Darabont   主演: 汤姆·汉克斯 Tom Hanks / ...,8.9,389616人评价,
178,179,爱在午夜降临前,https://movie.douban.com/subject/10808442/,导演: 理查德·林克莱特 Richard Linklater   主演: 伊桑·霍克 Ethan Hawke ...,8.9,475454人评价,所谓爱情，就是话唠一路，都不会心生腻烦，彼此嫌弃。
179,180,疯狂的石头,https://movie.douban.com/subject/1862151/,导演: 宁浩 Hao Ning   主演: 郭涛 Tao Guo / 刘桦 Hua Liu / 连晋 Teddy Lin,8.6,928423人评价,中国版《两杆大烟枪》。
180,181,雨中曲,https://movie.douban.com/subject/1293460/,导演: 斯坦利·多南 Stanley Donen / 吉恩·凯利 Gene Kelly   主演: 吉恩·...,9.1,269892人评价,
181,182,2001太空漫游,https://movie.douban.com/subject/1292226/,导演: 斯坦利·库布里克 Stanley Kubrick   主演: 凯尔·杜拉 Keir Dullea / ...,8.9,398245人评价,
182,183,海街日记,https://movie.douban.com/subject/25895901/,导演: 是枝裕和 Hirokazu Koreeda   主演: 绫濑遥 Haruka Ayase / 长泽雅美 M...,8.8,523034人评价,是枝裕和的家庭习作。
183,184,风之谷,https://movie.douban.com/subject/1291585/,导演: 宫崎骏 Hayao Miyazaki   主演: 岛本须美 Sumi Shimamoto / 松田洋治 Y...,8.9,394515人评价,
184,185,上帝之城,https://movie.douban.com/subject/1292208/,导演: 费尔南多·梅里尔斯 Fernando Meirelles / 卡迪亚·兰德 Kátia Lund  &nbsp...,9.0,334289人评价,
185,186,心迷宫,https://movie.douban.com/subject/25917973/,导演: 忻钰坤 Yukun Xin   主演: 霍卫民 Weimin Huo / 王笑天 Xiaotian Wang ...,8.7,619563人评价,荒诞讽刺，千奇百巧，抽丝剥茧，百转千回。
186,187,英雄本色,https://movie.douban.com/subject/1297574/,导演: 吴宇森 John Woo   主演: 周润发 Yun-Fat Chow / 狄龙 Lung Ti / 张国...,8.6,607844人评价,
187,188,记忆碎片,https://movie.douban.com/subject/1304447/,导演: 克里斯托弗·诺兰 Christopher Nolan   主演: 盖·皮尔斯 Guy Pearce /...,8.7,670966人评价,
188,189,纵横四海,https://movie.douban.com/subject/1295409/,导演: 吴宇森 John Woo   主演: 周润发 Yun-Fat Chow / 张国荣 Leslie Cheung...,8.8,475078人评价,
189,190,无敌破坏王,https://movie.douban.com/subject/6534248/,导演: 瑞奇·莫尔 Rich Moore   主演: 约翰·C·赖利 John C. Reilly / 萨拉...,8.7,613780人评价,迪士尼和皮克斯拿错剧本的产物。
190,191,卢旺达饭店,https://movie.douban.com/subject/1291822/,导演: 特瑞·乔治 Terry George   主演: 唐·钱德尔 Don Cheadle / 苏菲·奥...,8.9,368159人评价,当这个世界闭上双眼，他却敞开了怀抱。
191,192,东京教父,https://movie.douban.com/subject/1310177/,导演: 今敏 Satoshi Kon   主演: 江守彻 Toru Emori / 梅垣义明 Yoshiaki Ume...,9.0,292582人评价,
192,193,牯岭街少年杀人事件,https://movie.douban.com/subject/1292329/,导演: 杨德昌 Edward Yang   主演: 张震 Chen Chang / 杨静怡 Lisa Yang / 张...,8.9,371047人评价,
193,194,恐怖游轮,https://movie.douban.com/subject/3011051/,导演: 克里斯托弗·史密斯 Christopher Smith   主演: 梅利莎·乔治 Melissa ...,8.5,993123人评价,不要企图在重复中寻找已经失去的爱。
194,195,小偷家族,https://movie.douban.com/subject/27622447/,导演: 是枝裕和 Hirokazu Koreeda   主演: 中川雅也 Lily Franky / 安藤樱 Sa...,8.7,897220人评价,我们组成了家。
195,196,魔女宅急便,https://movie.douban.com/subject/1307811/,导演: 宫崎骏 Hayao Miyazaki   主演: 高山南 Minami Takayama / 佐久间玲 Re...,8.7,526406人评价,
196,197,冰川时代,https://movie.douban.com/subject/1291578/,导演: 卡洛斯·沙尔丹哈 Carlos Saldanha / 克里斯·韦奇 Chris Wedge   主演...,8.7,687613人评价,
197,198,芙蓉镇,https://movie.douban.com/subject/1297880/,导演: 谢晋 Jin Xie   主演: 刘晓庆 Xiaoqing Liu / 姜文 Wen Jiang / 郑在石...,9.3,190946人评价,
198,199,忠犬八公物语,https://movie.douban.com/subject/1959195/,导演: 神山征二郎 Seijirô Kôyama   主演: 仲代达矢 Tatsuya Nakadai /...,9.2,219372人评价,
199,200,岁月神偷,https://movie.douban.com/subject/3792799/,导演: 罗启锐 Alex Law   主演: 吴君如 Sandra Ng / 任达华 Simon Yam / 钟绍...,8.7,613648人评价,岁月流逝，来日可追。
200,201,遗愿清单,https://movie.douban.com/subject/1867345/,导演: 罗伯·莱纳 Rob Reiner   主演: 杰克·尼科尔森 Jack Nicholson / 摩根...,8.7,540548人评价,用剩余不多的时间，去燃烧整个生命。
201,202,荒蛮故事,https://movie.douban.com/subject/24750126/,导演: 达米安·斯兹弗隆 Damián Szifron   主演: 达里奥·葛兰帝内提 Darío...,8.7,519758人评价,始于荒诞，止于更荒诞。
202,203,大佛普拉斯,https://movie.douban.com/subject/27059130/,导演: 黄信尧 Hsin-yao Huang   主演: 庄益增 Yizeng Zhuang / 陈竹昇 Chu-sh...,8.7,556176人评价,人们可以登上月球，却永远无法探索人们内心的宇宙。
203,204,源代码,https://movie.douban.com/subject/3075287/,导演: 邓肯·琼斯 Duncan Jones   主演: 杰克·吉伦哈尔 Jake Gyllenhaal / ...,8.6,928918人评价,邓肯·琼斯继《月球》之后再度奉献出一部精彩绝伦的科幻佳作。
204,205,花束般的恋爱,https://movie.douban.com/subject/34874432/,导演: 土井裕泰 Nobuhiro Doi   主演: 菅田将晖 Masaki Suda / 有村架纯 Kasu...,8.6,832121人评价,
205,206,白日梦想家,https://movie.douban.com/subject/2133323/,导演: 本·斯蒂勒 Ben Stiller   主演: 本·斯蒂勒 Ben Stiller / 克里斯汀·...,8.6,651922人评价,
206,207,爱乐之城,https://movie.douban.com/subject/25934014/,导演: 达米恩·查泽雷 Damien Chazelle   主演: 瑞恩·高斯林 Ryan Gosling /...,8.4,1123784人评价,
207,208,疯狂的麦克斯4：狂暴之路,https://movie.douban.com/subject/3592854/,导演: 乔治·米勒 George Miller   主演: 汤姆·哈迪 Tom Hardy / 查理兹·塞...,8.7,620463人评价,“多么美好的一天！”轰轰轰砰咚，啪哒哒哒轰隆隆，磅~
208,209,可可西里,https://movie.douban.com/subject/1308857/,导演: 陆川 Chuan Lu   主演: 多布杰 Duobujie / 张磊 Lei Zhang / 亓亮 Qi L...,8.9,347681人评价,坚硬的信仰。
209,210,你看起来好像很好吃,https://movie.douban.com/subject/4848115/,导演: 藤森雅也 Masaya Fujimori   主演: 山口胜平 Kappei Yamaguchi / 爱河...,8.9,377016人评价,感情不分食草或者食肉。
210,211,贫民窟的百万富翁,https://movie.douban.com/subject/2209573/,导演: 丹尼·鲍尔 Danny Boyle / 洛芙琳·坦丹 Loveleen Tandan   主演: 戴夫...,8.6,808432人评价,上帝之城+猜火车+阿甘正传+开心辞典=山寨富翁
211,212,波西米亚狂想曲,https://movie.douban.com/subject/5300054/,导演: 布莱恩·辛格 Bryan Singer   主演: 拉米·马雷克 Rami Malek / 本·哈...,8.6,692320人评价,
212,213,城市之光,https://movie.douban.com/subject/1293908/,导演: 查理·卓别林 Charles Chaplin   主演: 查理·卓别林 Charles Chaplin ...,9.3,173669人评价,
213,214,爆裂鼓手,https://movie.douban.com/subject/25773932/,导演: 达米恩·查泽雷 Damien Chazelle   主演: 迈尔斯·特勒 Miles Teller /...,8.6,693571人评价,这个世界从不善待努力的人，努力了也不一定会成功，但是知道自己在努力，就是活下去的动力。
214,215,青蛇,https://movie.douban.com/subject/1303394/,导演: 徐克 Hark Tsui   主演: 张曼玉 Maggie Cheung / 王祖贤 Joey Wang / ...,8.6,602895人评价,
215,216,东邪西毒,https://movie.douban.com/subject/1292328/,导演: 王家卫 Kar Wai Wong   主演: 张国荣 Leslie Cheung / 林青霞 Brigitte...,8.6,636910人评价,
216,217,哈利·波特与死亡圣器(上),https://movie.douban.com/subject/2051007/,导演: 大卫·叶茨 David Yates   主演: 丹尼尔·雷德克里夫 Daniel Radcliffe...,8.6,698618人评价,最忠于原著的一部。
217,218,无耻混蛋,https://movie.douban.com/subject/1438652/,导演: 昆汀·塔伦蒂诺 Quentin Tarantino   主演: 布拉德·皮特 Brad Pitt / ...,8.7,565152人评价,昆汀同学越来越变态了，比北野武还杜琪峰。
218,219,终结者2：审判日,https://movie.douban.com/subject/1291844/,导演: 詹姆斯·卡梅隆 James Cameron   主演: 阿诺·施瓦辛格 Arnold Schwarz...,8.8,387395人评价,
219,220,大红灯笼高高挂,https://movie.douban.com/subject/1293323/,导演: 张艺谋 Yimou Zhang   主演: 巩俐 Li Gong / 马精武 Jingwu Ma / 何赛...,8.8,374359人评价,
220,221,黑天鹅,https://movie.douban.com/subject/1978709/,导演: 达伦·阿罗诺夫斯基 Darren Aronofsky   主演: 娜塔莉·波特曼 Natalie...,8.6,848895人评价,黑暗之美。
221,222,新龙门客栈,https://movie.douban.com/subject/1292287/,导演: 李惠民 Raymond Lee   主演: 张曼玉 Maggie Cheung / 林青霞 Brigitte ...,8.7,511924人评价,
222,223,初恋这件小事,https://movie.douban.com/subject/4739952/,导演: 普特鹏·普罗萨卡·那·萨克那卡林 Puttipong Promsaka Na Sakolnakorn / 华森·波克彭...,8.5,1053940人评价,黑小鸭速效美白记。
223,224,千钧一发,https://movie.douban.com/subject/1300117/,导演: 安德鲁·尼科尔 Andrew Niccol   主演: 伊桑·霍克 Ethan Hawke / 乌玛...,8.8,352187人评价,
224,225,人工智能,https://movie.douban.com/subject/1302827/,导演: 史蒂文·斯皮尔伯格 Steven Spielberg   主演: 海利·乔·奥斯蒙 Haley...,8.7,504392人评价,
225,226,崖上的波妞,https://movie.douban.com/subject/1959877/,导演: 宫崎骏 Hayao Miyazaki   主演: 奈良柚莉爱 Yuria Nara / 土井洋辉 Hir...,8.6,577470人评价,
226,227,雨人,https://movie.douban.com/subject/1291870/,导演: 巴瑞·莱文森 Barry Levinson   主演: 达斯汀·霍夫曼 Dustin Hoffman ...,8.7,444244人评价,
227,228,虎口脱险,https://movie.douban.com/subject/1296909/,导演: 杰拉尔·乌里 Gérard Oury   主演: 路易·德·菲耐斯 Louis de Funès...,8.9,297353人评价,
228,229,哈利·波特与凤凰社,https://movie.douban.com/subject/1457217/,导演: 大卫·叶茨 David Yates   主演: 丹尼尔·雷德克里夫 Daniel Radcliffe...,8.6,698508人评价,
229,230,彗星来的那一夜,https://movie.douban.com/subject/25807345/,导演: 詹姆斯·沃德·布柯特 James Ward Byrkit   主演: 艾米丽·芭尔多尼 Em...,8.6,687926人评价,小成本大魅力。
230,231,罗生门,https://movie.douban.com/subject/1291879/,导演: 黑泽明 Akira Kurosawa   主演: 三船敏郎 Toshirô Mifune / 京町子 ...,8.8,359677人评价,
231,232,海边的曼彻斯特,https://movie.douban.com/subject/25980443/,导演: 肯尼斯·罗纳根 Kenneth Lonergan   主演: 卡西·阿弗莱克 Casey Affle...,8.6,655823人评价,我们都有权利不与自己的过去和解。
232,233,恋恋笔记本,https://movie.douban.com/subject/1309163/,导演: 尼克·卡索维茨 Nick Cassavetes   主演: 瑞恩·高斯林 Ryan Gosling /...,8.5,751601人评价,爱情没有那么多借口，如果不能圆满，只能说明爱的不够。
233,234,火星救援,https://movie.douban.com/subject/25864085/,导演: 雷德利·斯科特 Ridley Scott   主演: 马特·达蒙 Matt Damon / 杰西卡...,8.5,839431人评价,
234,235,真爱至上,https://movie.douban.com/subject/1292401/,导演: 理查德·柯蒂斯 Richard Curtis   主演: 休·格兰特 Hugh Grant / 连姆...,8.5,810196人评价,
235,236,黑客帝国2：重装上阵,https://movie.douban.com/subject/1304141/,导演: 拉娜·沃卓斯基 Lana Wachowski / 莉莉·沃卓斯基 Lilly Wachowski   ...,8.7,457150人评价,
236,237,冰雪奇缘,https://movie.douban.com/subject/4202982/,导演: 克里斯·巴克 Chris Buck / 珍妮弗·李 Jennifer Lee   主演: 克里斯汀...,8.5,833806人评价,
237,238,步履不停,https://movie.douban.com/subject/2222996/,导演: 是枝裕和 Hirokazu Koreeda   主演: 阿部宽 Hiroshi Abe / 夏川结衣 Yu...,8.8,329342人评价,日本的家庭电影已经是世界巅峰了，步履不停是巅峰中的佳作。
238,239,奇迹男孩,https://movie.douban.com/subject/26787574/,导演: 斯蒂芬·卓博斯基 Stephen Chbosky   主演: 雅各布·特伦布莱 Jacob Tr...,8.6,602212人评价,世界不完美，爱会有奇迹。
239,240,千年女优,https://movie.douban.com/subject/1307394/,导演: 今敏 Satoshi Kon   主演: 庄司美代子 Miyoko Shôji / 小山茉美 Mam...,8.8,319406人评价,
240,241,战争之王,https://movie.douban.com/subject/1419936/,导演: 安德鲁·尼科尔 Andrew Niccol   主演: 尼古拉斯·凯奇 Nicolas Cage /...,8.7,416927人评价,做一颗让别人需要你的棋子。
241,242,谍影重重2,https://movie.douban.com/subject/1308767/,导演: 保罗·格林格拉斯 Paul Greengrass   主演: 马特·达蒙 Matt Damon / ...,8.7,401210人评价,谁说王家卫镜头很晃？
242,243,蜘蛛侠：平行宇宙,https://movie.douban.com/subject/26374197/,导演: 鲍勃·佩尔西凯蒂 Bob Persichetti / 彼得·拉姆齐 Peter Ramsey   主...,8.6,759563人评价,
243,244,攻壳机动队,https://movie.douban.com/subject/1291936/,导演: 押井守 Mamoru Oshii   主演: 田中敦子 Atsuko Tanaka / 大冢明夫 Akio...,9.0,219378人评价,
244,245,血钻,https://movie.douban.com/subject/1428175/,导演: 爱德华·兹威克 Edward Zwick   主演: 莱昂纳多·迪卡普里奥 Leonardo ...,8.7,423180人评价,每个美丽事物背后都是滴血的现实。
245,246,小姐,https://movie.douban.com/subject/25977027/,导演: 朴赞郁 Chan-wook Park   主演: 金敏喜 Min-hee Kim / 金泰梨 Tae-ri K...,8.5,579289人评价,
246,247,隐藏人物,https://movie.douban.com/subject/26615208/,导演: 特奥多尔·梅尔菲 Theodore Melfi   主演: 塔拉吉·P·汉森 Taraji P. ...,8.9,273992人评价,
247,248,血观音,https://movie.douban.com/subject/27113517/,导演: 杨雅喆 Ya-che Yang   主演: 惠英红 Kara Wai Ying Hung / 吴可熙 Wu K...,8.6,565777人评价,
248,249,魂断蓝桥,https://movie.douban.com/subject/1293964/,导演: 茂文·勒鲁瓦 Mervyn LeRoy   主演: 费雯·丽 Vivien Leigh / 罗伯特·...,8.8,311633人评价,
249,250,房间,https://movie.douban.com/subject/25724855/,导演: 伦尼·阿伯拉罕森 Lenny Abrahamson   主演: 布丽·拉尔森 Brie Larson...,8.7,400941人评价,被偷走的岁月，被伤害的生命，被禁锢的灵魂，终将被希望和善意救赎。
